repo_name,page,stars,number_of_tests,total_number_commits,url,latest_commit_hash,main_branch,java_language_percent
iluwatar/java-design-patterns,101,71106,827,3173,https://github.com/iluwatar/java-design-patterns.git,2674cb9523a60cb99329601d39bf0f304c841d2a,master,99.044914127393
google/guava,101,42835,1998,5664,https://github.com/google/guava.git,a2bbcc3bc2b4f94666d99a98a31445b8fbd1e152,master,99.9479549199787
apache/dubbo,101,36435,3011,5182,https://github.com/apache/dubbo.git,ae6c6a9a9ab1aa0b3d911243097a12ed4d00009d,master,99.53286019590968
zxing/zxing,101,28624,411,3621,https://github.com/zxing/zxing.git,c25029d29ad28c488db7166c5eaaf798c5ed2667,master,96.03524520269958
eugenp/tutorials,101,28091,13840,23182,https://github.com/eugenp/tutorials.git,41c8af76d2c9474104bb634b550cc329690a7549,master,78.49325143717876
netty/netty,101,27936,4667,10631,https://github.com/netty/netty.git,3d6bed01cd07d0728e21101a5e819975a0d7348d,main,98.50755540608344
alibaba/arthas,101,27624,152,1659,https://github.com/alibaba/arthas.git,3792ca30878544177ee458fa7a2c00f0c8d504e8,master,54.304022635235214
apolloconfig/apollo,101,25882,836,2619,https://github.com/apolloconfig/apollo.git,02fff624870ab6f552e671288d903cb5ae418d80,master,78.86241990661127
alibaba/druid,101,24749,1971,6498,https://github.com/alibaba/druid.git,3b4e77034a6244ba8f78ddc26952e43f4dd26ab6,master,97.56320111355498
xkcoding/spring-boot-demo,101,23941,155,733,https://github.com/xkcoding/spring-boot-demo.git,f10dc0a45be84e89acb48f6cf259620f52838b6e,master,86.76204074131667
alibaba/fastjson,101,23926,2629,3933,https://github.com/alibaba/fastjson.git,869746101f6dd73b70d8a9c2b6dc59de4352519e,master,99.87358088476849
dbeaver/dbeaver,101,23148,216,21345,https://github.com/dbeaver/dbeaver.git,2e1a4eda8b071a86a9a50e5fea6e49743d9e9a75,master,98.9398671409191
alibaba/easyexcel,101,21750,257,764,https://github.com/alibaba/easyexcel.git,f8fd5f0427f04574c6d672615e8256c603e0b172,master,100.0
alibaba/canal,101,21143,264,1464,https://github.com/alibaba/canal.git,b54bea5e3337c9597c427a53071d214ff04628d1,master,94.63931095289884
seata/seata,101,21111,862,1348,https://github.com/seata/seata.git,5ddfbc1f3cb7cca3545b8c1318b11a803b899bb2,master,97.32919714184752
alibaba/spring-cloud-alibaba,101,20593,119,1840,https://github.com/alibaba/spring-cloud-alibaba.git,8bd5a8d688d43545d2fa4464ce6ef726eb3e551f,master,99.83001499997788
alibaba/nacos,101,20257,1205,3743,https://github.com/alibaba/nacos.git,5a4d433970be9b8402f57e65bffa497027f21e30,master,98.76539086900652
google/gson,101,20255,130,1602,https://github.com/google/gson.git,6e06bf0d89ad71f317c920cdaf9981a0508446d3,master,100.0
apache/skywalking,101,18107,491,6828,https://github.com/apache/skywalking.git,b63008c61e1fcb1d69b25a8be7ce99f1d987a175,master,98.45235477189172
jenkinsci/jenkins,101,18057,3171,31701,https://github.com/jenkinsci/jenkins.git,09f0269e87625491d7d897ba0e878a1f7fa31de4,master,85.60470508281692
alibaba/Sentinel,101,17814,498,713,https://github.com/alibaba/Sentinel.git,0a34fc4d11392f0587e7ba5bf2626f902b23c750,master,89.58987447438032
redisson/redisson,101,17747,2413,6904,https://github.com/redisson/redisson.git,fdcb943828c568d8ef599d66f6493fc100fc8e02,master,100.0
apache/flink,101,17519,15381,28863,https://github.com/apache/flink.git,1529b78ddc4abc69b8fd3ca1cafef057aa53e3cb,master,85.47098624698437
mybatis/mybatis-3,101,16455,1596,3869,https://github.com/mybatis/mybatis-3.git,a2cdac6f76645619b1c09785000f1eaa7830b280,master,99.39876278253853
brettwooldridge/HikariCP,101,15981,102,2799,https://github.com/brettwooldridge/HikariCP.git,8b4a6bbebb772d1ea991ffa54793629a09642270,master,98.41967581067092
apache/rocketmq,101,15852,795,1844,https://github.com/apache/rocketmq.git,df4e98855d461d85e9c4ed43add1b12a58bca7b6,master,98.74837048794764
openzipkin/zipkin,101,14868,1327,2635,https://github.com/openzipkin/zipkin.git,b6a5f76c4d13d2c05334eacf256787cc4be4c848,master,77.60166896258026
apache/shardingsphere,101,14825,4714,30689,https://github.com/apache/shardingsphere.git,c2c51985437eeb53ea7d7ac257fedf5064a330b4,master,95.22647486392286
prestodb/presto,101,12808,8817,19391,https://github.com/prestodb/presto.git,70f8f59e088974cd34de84b536260dcb06e52d11,master,99.25260823420686
eclipse-vertx/vert.x,101,12482,3264,5194,https://github.com/eclipse-vertx/vert.x.git,3c494da0a4a854e52ee64f3571dc054d3d1d8ae3,master,99.9966230614626
YunaiV/SpringBoot-Labs,101,12249,286,671,https://github.com/YunaiV/SpringBoot-Labs.git,85c7322b9d1a225a4ba095f28a2b7f4b8f257da5,master,96.82530336336772
eclipse/deeplearning4j,101,12244,2727,2237,https://github.com/eclipse/deeplearning4j.git,a12d6eecbc6101679cbb7f3f45b23fe31b5613c4,master,59.966072328572665
apache/hadoop,101,12081,9316,25420,https://github.com/apache/hadoop.git,7bc78ab707901a6ba9b3a517f8e30aa08c88fe52,master,92.75648927614178
pinpoint-apm/pinpoint,101,11801,2985,12147,https://github.com/pinpoint-apm/pinpoint.git,15577df664484c4ccccf20d401bd7aedd34e8656,master,89.43442965287066
apache/druid,101,11335,9570,11349,https://github.com/apache/druid.git,6f6e88e02ed0a767ed3d08bfeecca9ad16ce1cda,master,94.71538722517418
pagehelper/Mybatis-PageHelper,101,10763,106,579,https://github.com/pagehelper/Mybatis-PageHelper.git,4b0484662bae2dae121af501a84360719b5b6eb1,master,100.0
google/guice,101,10532,338,1948,https://github.com/google/guice.git,0ce94279a16de97c46ae2914382dc7638de62e90,master,99.90202209026508
keycloak/keycloak,101,10508,4559,13595,https://github.com/keycloak/keycloak.git,2f8c5dd05e740c4483f416a32f4bdc9d16b43229,main,88.69236924839193
thingsboard/thingsboard,101,10358,922,8614,https://github.com/thingsboard/thingsboard.git,f2974532c607ea239aff63bf0885628496f13bd4,master,64.04664032365086
codecentric/spring-boot-admin,101,10331,437,1623,https://github.com/codecentric/spring-boot-admin.git,2076c6ac1d85c2819363ba8fc0d3f8e7a3af9ee0,master,65.60953572462266
OpenAPITools/openapi-generator,101,10276,8391,16313,https://github.com/OpenAPITools/openapi-generator.git,70737fb1e6b67e99fd2276533662c90f1c2a00a1,master,91.18256149368509
redis/jedis,101,10127,733,1854,https://github.com/redis/jedis.git,253664ff1eac37fdab7ea3e5e738a11f34f8f410,master,98.785400293197
apache/zookeeper,101,9962,1314,2368,https://github.com/apache/zookeeper.git,864b8a7c8044349b29b0e67952323a8cb2bc2dd4,master,75.20152203819424
apache/pulsar,101,9880,5194,7777,https://github.com/apache/pulsar.git,2c4d913c4b3fb1c6d924efaa0a24c93a2d2de7d0,master,89.42706845377411
square/javapoet,101,9255,312,846,https://github.com/square/javapoet.git,88517888277e3e92cbbdd054228f7f0ff68a841c,master,100.0
perwendel/spark,101,9209,306,1062,https://github.com/perwendel/spark.git,54079b0f95f0076dd3c440e1255a7d449d9489f1,master,99.96632135396683
MyCATApache/Mycat-Server,101,9140,186,2845,https://github.com/MyCATApache/Mycat-Server.git,92174cd734f1666eee28d534bf532d0c459da941,master,99.13746241932525
jhy/jsoup,101,9122,920,1609,https://github.com/jhy/jsoup.git,46b0b9569a76b65f31e75fa94d38f6766709c52a,master,81.11313610932346
quarkusio/quarkus,101,8816,6201,26202,https://github.com/quarkusio/quarkus.git,0f896210478bca223b60ec740433ea88bd764e1b,main,96.81593058973964
TooTallNate/Java-WebSocket,101,8558,499,1089,https://github.com/TooTallNate/Java-WebSocket.git,bcfc9675d61193980f38d5f0b3401ea787bbbe5f,master,57.40864231723574
OpenRefine/OpenRefine,101,8481,1058,6165,https://github.com/OpenRefine/OpenRefine.git,8d06810af85af6faae2f7d1cba2d27e8e66f8b4d,master,69.7100930369458
stanfordnlp/CoreNLP,101,8219,996,16791,https://github.com/stanfordnlp/CoreNLP.git,0f7c464edc7c346c028eec128d0025f61321962d,main,98.19332535057704
junit-team/junit4,101,8213,1408,2480,https://github.com/junit-team/junit4.git,7167b23b3ba7dd79410f6e9db350d16cbe30617b,main,97.28304397814308
Activiti/Activiti,101,8159,727,10768,https://github.com/Activiti/Activiti.git,f9351cc5b978942a31629283003bf564c158fd70,master,99.7512094503742
dropwizard/dropwizard,101,8054,1792,6089,https://github.com/dropwizard/dropwizard.git,684c51ecbf434659e527e5b8ab2e34d1357f71f7,master,99.72491123102398
square/moshi,101,7744,582,939,https://github.com/square/moshi.git,954ca46b9ed994e6e52a9fc613b2dc80a9da4b98,master,67.50086874168395
OpenFeign/feign,101,7607,743,976,https://github.com/OpenFeign/feign.git,f21d32a7d9d9401f8f12bf000038682e1984345a,master,99.72054562321762
apache/shardingsphere-elasticjob,101,7320,987,2195,https://github.com/apache/shardingsphere-elasticjob.git,49506b53cbfa9bca5b6603b2815c20b93b718437,master,99.74979339246322
signalapp/Signal-Server,101,7210,583,2004,https://github.com/signalapp/Signal-Server.git,aaa2a6eef17fd7d6808e7d726eeb40a670bc1c22,master,99.79633793902713
vipshop/vjtools,101,7182,190,401,https://github.com/vipshop/vjtools.git,4c1ee2a312b7ef088e21081a93da3681c97bef69,master,96.59275619745826
questdb/questdb,101,6915,6547,3180,https://github.com/questdb/questdb.git,883474bd7513b00442224bcf3f8f14e5388e31c4,master,83.31775246841195
alibaba/otter,101,6893,192,139,https://github.com/alibaba/otter.git,7f80d17d74e5bf1b2c092b61abd6a3a13eed43f3,master,90.67600950243744
apache/dolphinscheduler,101,6702,162,5417,https://github.com/apache/dolphinscheduler.git,daf21b09dd94e8a5e0e360299b567a63869044a9,master,78.92102338995096
abel533/Mapper,101,6658,254,711,https://github.com/abel533/Mapper.git,84e33f7c9e11ae4b165637a08706d7ed766b89eb,master,99.34988717050066
NLPchina/elasticsearch-sql,101,6539,403,972,https://github.com/NLPchina/elasticsearch-sql.git,4b1c87eb1cfe40e170a4985a9d7323c1db5f5a7d,master,94.99751930292412
Angel-ML/angel,101,6437,103,2857,https://github.com/Angel-ML/angel.git,0e60cddf5efa3d24ddd6a939117b0cd4117a9282,master,74.80875550981915
checkstyle/checkstyle,101,6337,4099,10825,https://github.com/checkstyle/checkstyle.git,b6e54419d8bd5ecdd4193a3dbc90edb2eedaf1dd,master,98.46540865641356
apache/storm,101,6297,1139,10461,https://github.com/apache/storm.git,f481eaf043dba3b6c62ac27bb2306ef652f2ace9,master,83.66357174804524
NanoHttpd/nanohttpd,101,6118,180,599,https://github.com/NanoHttpd/nanohttpd.git,efb2ebf85a2b06f7c508aba9eaad5377e3a01e81,master,98.41562320596108
Graylog2/graylog2-server,101,5890,3185,19507,https://github.com/Graylog2/graylog2-server.git,4ddbc427df79e0bee0ddd596e8e8325e288046ff,master,66.75001286887209
AsyncHttpClient/async-http-client,101,5854,558,4101,https://github.com/AsyncHttpClient/async-http-client.git,c959fa0483adb4a71fbccc5be94d8b6faa4f74be,master,99.91772976900228
google/error-prone,101,5749,4915,5116,https://github.com/google/error-prone.git,f10bba5891d9c7bf8588792fac04afbc238478fd,master,99.94526546250684
weibocom/motan,101,5746,169,574,https://github.com/weibocom/motan.git,f9c46071eafca4f6216d1f431e5f2f50223383fd,master,86.76499427167731
sohutv/cachecloud,101,5674,567,434,https://github.com/sohutv/cachecloud.git,f9dfc98eadcfd7d56821852ece0c73d14cb171e1,main,60.07955906080901
debezium/debezium,101,5625,2152,5811,https://github.com/debezium/debezium.git,39ecc4e732484f9fe6de6cfd9efd8174f7a3b063,main,93.98186369298858
joelittlejohn/jsonschema2pojo,101,5608,646,1223,https://github.com/joelittlejohn/jsonschema2pojo.git,4d00331095a152cf00ba3b3e551776fa1778d7a7,master,95.38633616656269
rest-assured/rest-assured,101,5584,1555,2044,https://github.com/rest-assured/rest-assured.git,4eeb3d82b1d4672787b57ca45167a63085c8c1f1,master,83.13763491188654
lets-blade/blade,101,5563,270,769,https://github.com/lets-blade/blade.git,118d856b53bd6aaf1e085304ffe835b7fc7aebf7,master,99.8152499101124
languagetool-org/languagetool,101,5535,1299,53045,https://github.com/languagetool-org/languagetool.git,a76e5ab4938c8d058415b95782952ba1e89c7634,master,90.08040097652793
apache/zeppelin,101,5478,1074,5012,https://github.com/apache/zeppelin.git,cd09f93b0d713ea3e199cf96f24855d4e67c1cff,master,61.0091425088568
apache/incubator-shenyu,101,5463,1338,1657,https://github.com/apache/incubator-shenyu.git,2f5cc73fb7f5d491748c8258b8d69864aa9b0810,master,93.00613425269565
karatelabs/karate,101,5383,556,3416,https://github.com/karatelabs/karate.git,14807dbf8d7c45f709299574222dd498b1fa5e67,master,84.80240938381552
pentaho/pentaho-kettle,101,5336,5346,22496,https://github.com/pentaho/pentaho-kettle.git,b79362de3e19f0205a6c8753675fb815eaa50e06,master,97.35484756027996
Alluxio/alluxio,101,5300,3595,32393,https://github.com/Alluxio/alluxio.git,b9681d4ec598e2d3e29b4eba25092e121fc2d136,master,93.35433478875368
scribejava/scribejava,101,5218,115,1235,https://github.com/scribejava/scribejava.git,124745961e999ccede90e2348c6012f8d335eb8a,master,100.0
JodaOrg/joda-time,101,4723,135,2190,https://github.com/JodaOrg/joda-time.git,e9337f0c0955aed0e3d6866a35ba2db5992080e5,master,99.67902800444216
quartz-scheduler/quartz,101,4706,143,793,https://github.com/quartz-scheduler/quartz.git,cbce9b6d066980e5f2af2a35f1c83917f4db5b48,master,98.41229045656678
hazelcast/hazelcast,101,4611,37495,35553,https://github.com/hazelcast/hazelcast.git,d05be9ecf18da725ac8ccfc96fe1385977cadd13,master,99.64599173586478
raphw/byte-buddy,101,4601,4682,5993,https://github.com/raphw/byte-buddy.git,7402e597870dfacce6fe13a1390070c38bbb2317,master,99.95334623955148
confluentinc/ksql,101,4598,2316,9534,https://github.com/confluentinc/ksql.git,0de5dda35cccaf330eb05e43ae5630943307a914,master,99.60153533999822
mapstruct/mapstruct,101,4567,1196,1500,https://github.com/mapstruct/mapstruct.git,735a5bef6a36644a48bfc5bebde31e217574551c,master,98.29098998931318
flowable/flowable-engine,101,4562,6442,12615,https://github.com/flowable/flowable-engine.git,f7323c2b042452c7fe2c0698d61186a694d6c459,main,74.49909941120978
gephi/gephi,101,4503,205,4667,https://github.com/gephi/gephi.git,db454c59cc9da3f47b7268de4ccbfa73b7f5245e,master,99.2314346067271
spring-projects/spring-security-oauth,101,4484,949,1411,https://github.com/spring-projects/spring-security-oauth.git,2b58aafecac336e82f20ea43da9b208b0a4a40dd,main,100.0
spring-cloud/spring-cloud-netflix,101,4483,214,2898,https://github.com/spring-cloud/spring-cloud-netflix.git,dc45b7f580fadb73c505990b065d4986cd7156e3,main,93.76615509228928
sofastack/sofa-boot,101,4405,275,430,https://github.com/sofastack/sofa-boot.git,f65941f97fb908d1b3596865e27a1873b56b608a,master,99.98651779953694
orientechnologies/orientdb,101,4378,3579,20712,https://github.com/orientechnologies/orientdb.git,3a394ef87dc4312b723db2e4e9feafdfbc7eca24,master,99.55596935811532
trinodb/trino,101,4368,10786,25057,https://github.com/trinodb/trino.git,a836e7c223b1c70f25eb7a8c0c7baed8a1e4945d,master,99.33457827473056
lettuce-io/lettuce-core,101,4262,2135,2146,https://github.com/lettuce-io/lettuce-core.git,b0a392f606d91d2e5fe49423ba3086b64629ba54,main,95.19176274567036
apache/hbase,101,4260,6249,18843,https://github.com/apache/hbase.git,8458e44a1a7d9cd450d5b8a8ad9dd3305e14705a,master,95.54108203134484
JanusGraph/janusgraph,101,4237,995,6491,https://github.com/JanusGraph/janusgraph.git,ee4df4c7737e74338e20145657410fa55933dff5,master,97.51717333100106
google/google-java-format,101,4210,243,619,https://github.com/google/google-java-format.git,7edc0481efc52d0519034d5d14342462c193e922,master,98.3064898684189
apache/ignite,101,4010,14690,27768,https://github.com/apache/ignite.git,60852caa0ce327c204b8ea7721c9c84b79543ee9,master,75.55936593651754
apache/camel,101,3982,20307,55158,https://github.com/apache/camel.git,0e5e24c9454057b9d1947db265690802b06d1e6e,main,99.06058258117626
kiegroup/drools,101,3974,11159,15858,https://github.com/kiegroup/drools.git,e1ccbea30661c5e767ab015932673d6865ef4677,main,99.25518494794125
apache/hive,101,3973,8782,15812,https://github.com/apache/hive.git,cfe7295d56aecf4748f8a1b23e016d325783aed0,master,84.61205764598603
stleary/JSON-java,101,3948,324,913,https://github.com/stleary/JSON-java.git,d6227c83d79be51fe9efda7a55a6ec2850fdfd78,master,100.0
brianfrankcooper/YCSB,101,3868,162,1299,https://github.com/brianfrankcooper/YCSB.git,ce3eb9ce51c84ee9e236998cdd2cefaeb96798a8,master,97.74740559557998
chewiebug/GCViewer,101,3823,338,761,https://github.com/chewiebug/GCViewer.git,b583416534c542983e3c7e29fa5fb1f2c9d616b6,master,99.74548485774083
coobird/thumbnailator,101,3809,1172,589,https://github.com/coobird/thumbnailator.git,bb57244cf8c5243bb75da0c7eec9092da0ce1b47,master,100.0
vespa-engine/vespa,101,3706,12261,55847,https://github.com/vespa-engine/vespa.git,5cb9b85ffb3ec2a77caaa4ee367ad6435bbf762a,master,56.05020810199509
apache/pinot,101,3660,2069,8355,https://github.com/apache/pinot.git,362f3e1acca6b50dcf2680848ac6dfec71d37d3b,master,96.63193615618104
apache/shiro,101,3656,379,2203,https://github.com/apache/shiro.git,b637c4676537dc49fd06a226bdd395615021da53,main,89.68594681881672
tuguangquan/mybatis,101,3634,806,1447,https://github.com/tuguangquan/mybatis.git,0483a1dcbe92e2d226ab045420f41a85e01d6c04,master,95.11448770276355
johncarl81/parceler,101,3592,139,535,https://github.com/johncarl81/parceler.git,52e6b14709eb0b84835907e71d9380124f3c6b6e,master,100.0
querydsl/querydsl,101,3554,3595,7977,https://github.com/querydsl/querydsl.git,aa6dd819a4525bc8e4252c7f1449aa4e7dc6976e,master,96.1541993032744
luontola/retrolambda,101,3553,124,530,https://github.com/luontola/retrolambda.git,fbd82c9a023b363a2cb38afd8dad3fd8fc134ada,master,97.43014957868
Atmosphere/atmosphere,101,3541,256,6021,https://github.com/Atmosphere/atmosphere.git,1c7d36ed50b20bdd40a82321017ddf75ece5981c,master,99.97977175453045
mybatis/spring-boot-starter,101,3484,113,838,https://github.com/mybatis/spring-boot-starter.git,2119d3a8ec5adda48b3e1570e721b9bd03da09e2,master,91.19661067047636
LWJGL/lwjgl3,101,3452,373,3541,https://github.com/LWJGL/lwjgl3.git,1e013173094cfdacff9bf0c1e36ea35aeb8f213e,master,67.2703759960066
sofastack/sofa-rpc,101,3452,582,424,https://github.com/sofastack/sofa-rpc.git,410d945b8b867767f37bb271c69e8b885d502f0e,master,99.33846133701518
jeremylong/DependencyCheck,101,3449,605,7835,https://github.com/jeremylong/DependencyCheck.git,5beebdf2b24dbeecd4725912d7872665a5449b5b,main,63.16598289596783
mock-server/mockserver,101,3440,3516,3083,https://github.com/mock-server/mockserver.git,33ce88631b4e3d09b499caccfe1f7897f9fc8f18,master,88.68800487245746
runelite/runelite,101,3435,588,11172,https://github.com/runelite/runelite.git,67f7e7f48811e9ce34ff60373c92ad2ed165fc53,master,99.22914465688572
j-easy/easy-rules,101,3434,182,659,https://github.com/j-easy/easy-rules.git,d4450831533e47a5c0cb361edb80dad43db228a4,master,100.0
oracle/opengrok,101,3433,1070,6627,https://github.com/oracle/opengrok.git,1a64b7d0f709c7f478e9e5bbc504ec1274488f4c,master,57.29984016815918
graphhopper/graphhopper,101,3418,1366,5709,https://github.com/graphhopper/graphhopper.git,91afeb76674710d28a3744c332e98e8861b1e7b1,master,94.42476599730357
remkop/picocli,101,3226,2289,3658,https://github.com/remkop/picocli.git,e82041531146daf75194f8e885f6012cdbb9d45f,master,96.4686201398422
apache/kylin,101,3195,1212,8712,https://github.com/apache/kylin.git,8ed6d5d69a4b589d183bb679f511f8230daa09bf,main,68.93127499281474
PowerJob/PowerJob,101,3135,107,759,https://github.com/PowerJob/PowerJob.git,e094c22952c5b1e5d3dca11d1857629c3207478e,master,98.81906590352168
alibaba/jetcache,101,3121,164,942,https://github.com/alibaba/jetcache.git,938d40d628526573897f5e472ee8d7dee8a86b44,master,99.9980981500852
undertow-io/undertow,101,3054,886,5173,https://github.com/undertow-io/undertow.git,28299b7527d9e7093cc02d71852e24825a4744dd,master,99.97777678902202
zendesk/maxwell,101,3052,360,3435,https://github.com/zendesk/maxwell.git,ef61f172aaea5741aef27adef8f58233931c7486,master,94.43668645523424
DiUS/java-faker,101,3019,508,825,https://github.com/DiUS/java-faker.git,6f72cb24c50fa83d23a92aad65bcd57efc6bd650,master,100.0
immutables/immutables,101,3007,861,2492,https://github.com/immutables/immutables.git,b21e6bbfbb9038100532416c81e8270951c3e03a,master,100.0
jacoco/jacoco,101,2996,1336,1738,https://github.com/jacoco/jacoco.git,70d5b98d8c438126e9e95f186017ef972b031ef8,master,83.99547308093679
aragozin/jvm-tools,101,2982,227,420,https://github.com/aragozin/jvm-tools.git,7b8b9c4e3a6ad137a7f94be399a82c98d97e5403,master,94.34055546827476
alibaba/Alink,101,2886,714,193,https://github.com/alibaba/Alink.git,6215a566c540a75edafcbf003caa72c7c054599c,master,76.59633847955078
apache/nifi,101,2872,9600,6863,https://github.com/apache/nifi.git,f05443ddf7c044f1f718c6fc2dfe1ecc8498718e,main,86.56370792880311
liquibase/liquibase,101,2854,767,10092,https://github.com/liquibase/liquibase.git,618191f6e414fc20b0cdaee3a8a8a27dbd66f9c3,master,81.98072401214027
spring-cloud/spring-cloud-kubernetes,101,2853,354,1157,https://github.com/spring-cloud/spring-cloud-kubernetes.git,11fbb8214bd6fed65672a26e419aa900d1bb76bd,main,99.26809171386417
oshi/oshi,101,2830,128,2042,https://github.com/oshi/oshi.git,39f0b14f153b1664b6c8aedbbf3935b37486db83,master,100.0
apache/maven,101,2828,1015,11494,https://github.com/apache/maven.git,0a72185a6e929de537bdd67ac1cb5ba267c20a5f,master,99.56534854176545
JCTools/JCTools,101,2809,195,994,https://github.com/JCTools/JCTools.git,3ef2cc46229585be6a7b09bac7d2d57282722edb,master,100.0
strimzi/strimzi-kafka-operator,101,2767,954,4120,https://github.com/strimzi/strimzi-kafka-operator.git,a229ec9f5bdb50405c3994acc6799d6392106b6f,main,97.21447217436396
awaitility/awaitility,101,2765,175,733,https://github.com/awaitility/awaitility.git,c4962d815b955059553f506ff1bed8ae7d055266,master,92.1295602113748
killme2008/aviatorscript,101,2740,607,734,https://github.com/killme2008/aviatorscript.git,4f27d716c36598a9ae39a488f230450b371a07d9,master,99.71362447570728
jtablesaw/tablesaw,101,2737,1100,2443,https://github.com/jtablesaw/tablesaw.git,c324019049c151c027fab3da4e108eada053a54b,master,99.40709703933412
pedrovgs/Algorithms,101,2717,438,424,https://github.com/pedrovgs/Algorithms.git,6b471dce28ce9625aef33f4cc3ac4c4c0b971192,master,100.0
RipMeApp/ripme,101,2702,245,2587,https://github.com/RipMeApp/ripme.git,f5a2167f0af0b8d13d199c4ed6838703dfc0134d,master,98.78420080102802
spring-io/initializr,101,2702,1239,1964,https://github.com/spring-io/initializr.git,7819f0214cc144d5c805b8a51416c0dc27f7b903,main,99.04046309888123
rubenlagus/TelegramBots,101,2674,151,931,https://github.com/rubenlagus/TelegramBots.git,46c5aa6b80d4e4deb372915c8316a3798c675bd4,master,100.0
wildfly/wildfly,101,2654,4801,33113,https://github.com/wildfly/wildfly.git,3ac21029b404c29b383f9c86869dc61307dd006f,main,99.19442790270764
apache/curator,101,2644,608,2738,https://github.com/apache/curator.git,e2d32bd00ec05a18bf149a47865fd807e00a60e1,master,99.301761697165
sofastack/sofa-jraft,101,2586,496,270,https://github.com/sofastack/sofa-jraft.git,a764587205911f0a806318eb369256306fc750b4,master,99.9214212708026
spring-projects/spring-data-elasticsearch,101,2544,1104,1471,https://github.com/spring-projects/spring-data-elasticsearch.git,0b4c5b41557bbffeac7f4ffd559901c8667e0c56,main,98.8504390569128
oracle/helidon,101,2536,4250,2124,https://github.com/oracle/helidon.git,57fde8fe429476aeef578b986074ce0e7a2111b7,master,98.90192164896084
AxonFramework/AxonFramework,101,2536,2469,7628,https://github.com/AxonFramework/AxonFramework.git,9a59214ca48fc79e21e6d459356dabdd94238b77,master,100.0
AdoptOpenJDK/jitwatch,101,2517,240,999,https://github.com/AdoptOpenJDK/jitwatch.git,d9556f9093128e4dad4c56052c35b31a2c248a37,master,99.25855607535269
javamelody/javamelody,101,2468,364,3627,https://github.com/javamelody/javamelody.git,ff6f04f147d5a59c12c575cf1cdcddbcb44e8f25,master,92.17870465821696
apache/hudi,101,2459,979,2056,https://github.com/apache/hudi.git,93fd3517e319473fed74e62bf09e41e4348c843c,master,89.57091914308377
sannies/mp4parser,101,2455,102,1456,https://github.com/sannies/mp4parser.git,d3c68436f0507a23a740f262cf3259557ea9ce93,master,100.0
OpenHFT/Chronicle-Queue,101,2453,405,6912,https://github.com/OpenHFT/Chronicle-Queue.git,2623dc4c08875e3d90164b6691c829b73c0a7391,master,99.7144580822318
square/keywhiz,101,2446,622,1651,https://github.com/square/keywhiz.git,07e0c7d71582d8f223821f18ef08460091d41271,master,98.56591715322924
nutzam/nutz,101,2418,1306,6248,https://github.com/nutzam/nutz.git,69736802ea03942ef3321f0773513acbe552a287,master,99.34223791672603
igniterealtime/Openfire,101,2410,432,10083,https://github.com/igniterealtime/Openfire.git,3cb8fd9167e0d684e1ed891fce5f732ff0391193,master,93.19559467434225
kiegroup/optaplanner,101,2406,2187,8070,https://github.com/kiegroup/optaplanner.git,b09cd8278c9eef35753b93260ac42907b73b8798,main,96.15845193780169
mybatis/spring,101,2394,163,1743,https://github.com/mybatis/spring.git,f937625c03aa73e674ab5809fd77d22dbf1b070a,master,98.14458696464756
killbill/killbill,101,2379,1858,8771,https://github.com/killbill/killbill.git,081be96c2250f2ad7d36c9383897199a8fde8838,master,97.63750610115116
cucumber/cucumber-jvm,101,2349,994,5673,https://github.com/cucumber/cucumber-jvm.git,4de9f155d5d2e2ff4203e96e41492684e950fbb9,main,97.90516436003104
google/truth,101,2341,1645,1640,https://github.com/google/truth.git,7e27fb0f374a65a1fc7b74ee7c981cd7b4ab515b,master,99.77110749929165
yacy/yacy_search_server,101,2332,206,14128,https://github.com/yacy/yacy_search_server.git,4bf695447404520b4482bf3e7d2207c50844b0c3,master,85.50531690539955
camunda/camunda-bpm-platform,101,2318,19478,18438,https://github.com/camunda/camunda-bpm-platform.git,b4bd6542291fadb42917b8ac6895ba3db0197d4e,master,88.35120262652218
spring-projects-experimental/spring-native,101,2235,806,2816,https://github.com/spring-projects-experimental/spring-native.git,16493cee565ebad218b12af7b9765eb0c6141bc1,main,98.89863660985536
jenkinsci/configuration-as-code-plugin,101,2224,275,1324,https://github.com/jenkinsci/configuration-as-code-plugin.git,7e88584d27f1992215cb3f6616c05fa99d902c56,master,99.50609548364125
Sayi/poi-tl,101,2219,157,616,https://github.com/Sayi/poi-tl.git,9a4e7d1029efc0fa4c579bfb3111986c92428b71,master,99.94487203228483
spring-projects/spring-data-jpa,101,2205,868,1633,https://github.com/spring-projects/spring-data-jpa.git,dccc58040b2eb59f1ed425df491e6de87b130897,main,99.89795871645148
Kong/unirest-java,101,2201,636,1665,https://github.com/Kong/unirest-java.git,472f7d0191a77435a5312faab1f20e2917be4165,main,99.51852291270784
apache/commons-lang,101,2196,3674,6490,https://github.com/apache/commons-lang.git,03b84cb3492938980b31d8cf15fdc6aeb553d063,master,97.63814522032132
qos-ch/logback,101,2166,1029,4090,https://github.com/qos-ch/logback.git,9b67089750e64cd9f8091a1e9d315fdb527221df,master,59.85767619715372
atomix/atomix,101,2164,526,4268,https://github.com/atomix/atomix.git,5c57662f8be16d3448c4c9cac2e2bec9317c4300,master,99.96330652721504
docker-java/docker-java,101,2143,469,2070,https://github.com/docker-java/docker-java.git,c61da29a09517c43f8ea2255f9abf26b2f3deba6,master,99.04179960957212
Bukkit/Bukkit,101,2141,272,1509,https://github.com/Bukkit/Bukkit.git,f210234e59275330f83b994e199c76f6abd41ee7,master,100.0
fabric8io/kubernetes-client,101,2137,1904,4380,https://github.com/fabric8io/kubernetes-client.git,278ca235dc4ab5653e82dbe2960004ab62f021e4,master,97.48549367528462
vipshop/Saturn,101,2126,310,2568,https://github.com/vipshop/Saturn.git,50d85e8de016ca54b4bfe0bc63d2ebc1cf40511a,master,86.38335332178143
camunda-cloud/zeebe,101,2120,3020,12539,https://github.com/camunda-cloud/zeebe.git,834c77dffeb9cd942caea4362f3537c78252823d,master,96.35450203779286
openzipkin/brave,101,2106,2143,1824,https://github.com/openzipkin/brave.git,5be287b91c3d18da9fc7a597d71b12b27be6043c,master,99.56467200129012
lukas-krecan/ShedLock,101,2100,175,1655,https://github.com/lukas-krecan/ShedLock.git,a088f095736fa03fcd1679b74e6eb4fc536545ce,master,99.26400163460598
eclipsesource/J2V8,101,2082,1470,798,https://github.com/eclipsesource/J2V8.git,00dddaa31a80782abbe93c4a01f325db3c4975d6,master,77.39196457917224
pac4j/pac4j,101,2079,939,3342,https://github.com/pac4j/pac4j.git,2023f306bf9300e505e943072f2a270382f18f20,master,99.93168453455048
searchbox-io/Jest,101,2079,639,1153,https://github.com/searchbox-io/Jest.git,c4ded4f49a06f284fdf53cb23e84ca041c6596dd,master,100.0
apache/servicecomb-pack,101,1880,265,1596,https://github.com/apache/servicecomb-pack.git,441a6adc14b8b2d6568411bcba56391649e6be5b,master,81.70002800965979
shyiko/mysql-binlog-connector-java,101,1823,105,390,https://github.com/shyiko/mysql-binlog-connector-java.git,dd710a5466381faa57442977b24fceff56a0820e,master,99.49961623954626
apache/servicecomb-java-chassis,101,1735,3312,3057,https://github.com/apache/servicecomb-java-chassis.git,6d39ef80738df409f63894180a5689691bb5b6ce,master,99.70597150221704
protostuff/protostuff,101,1717,155,1594,https://github.com/protostuff/protostuff.git,2887a5c31cba49c485403fec41ba408cc9bfeb10,master,98.97019571007256
apache/tinkerpop,101,1429,3017,17712,https://github.com/apache/tinkerpop.git,6070431f7ed88403c6ecd2a9f0c173c6090d0a71,master,77.45407902848854
iterate-ch/cyberduck,101,1406,2887,36314,https://github.com/iterate-ch/cyberduck.git,d9e1b525e8dc06cfd739c131aec4a493d8c35d7b,master,74.71913411022285
winder/Universal-G-Code-Sender,101,1329,410,2777,https://github.com/winder/Universal-G-Code-Sender.git,091639de6ff3d5e8c84d578ca6e6f77d7a5cf1fa,master,71.25848228816628
kiegroup/jbpm,101,1307,3208,4131,https://github.com/kiegroup/jbpm.git,104d71695224e4730c1f97f3306f66c2b4f958f8,main,98.58439234107206
gravitee-io/gravitee-gateway,101,1295,484,2075,https://github.com/gravitee-io/gravitee-gateway.git,1044914ffa85349bfaa87b08e61a52662fed8f79,master,99.53147745406704
psi-probe/psi-probe,101,1200,287,3660,https://github.com/psi-probe/psi-probe.git,bbd401e9809166d1d66d3334ddf9c75ecea75670,master,94.24710096884276
ocpsoft/prettytime,101,1194,919,402,https://github.com/ocpsoft/prettytime.git,b21d33b3021420717a30d89dfbcea5ee537a5eaa,master,100.0
w3c/epubcheck,101,1151,1248,1102,https://github.com/w3c/epubcheck.git,58a61935a8fdd2875539be58dc6bc1ed87615740,main,64.80092542167905
influxdata/influxdb-java,101,1035,305,1140,https://github.com/influxdata/influxdb-java.git,df45710e7042b0a6b89be5c9635ef31eea5bc6ce,master,99.2270036247551
aliyun/aliyun-oss-java-sdk,101,1020,441,333,https://github.com/aliyun/aliyun-oss-java-sdk.git,75971f36f5dc92264871d1d8b1a58f9d62e37ef7,master,100.0
hibernate/hibernate-validator,101,911,2368,4215,https://github.com/hibernate/hibernate-validator.git,a888e6e1893d03de804bf5f8b6c163df70282739,main,99.87244008606092
DependencyTrack/dependency-track,101,896,691,2367,https://github.com/DependencyTrack/dependency-track.git,e8cd9af0731130e1adfb367c91c262bf1cdb096d,master,99.68076955612756
amzn/ion-java,101,804,1234,209,https://github.com/amzn/ion-java.git,44aabbc8a47afe12b7f03ef5e3c91a62674ff096,master,99.80322312480376
dcm4che/dcm4che,101,802,343,2945,https://github.com/dcm4che/dcm4che.git,f16bfc4c997762f5c926abdb49741cca51a31d70,master,74.25771454721665
sakaiproject/sakai,101,794,1464,50747,https://github.com/sakaiproject/sakai.git,d0f2f7a64cf1ffdec2a202a1fbc2ac0480344676,master,79.92671812177022
antlr/stringtemplate4,101,741,632,970,https://github.com/antlr/stringtemplate4.git,9a439491acc5b17d191316c9b3a99ab7bd340477,master,95.55395326929646
google/caliper,101,728,102,586,https://github.com/google/caliper.git,870f484f03eb70454378ed6a9bfeea2e8b8ce38d,master,100.0
DigitalPebble/storm-crawler,101,728,123,1683,https://github.com/DigitalPebble/storm-crawler.git,0ea8dfb3821e21dab8b0d011c3ff606b152614d6,master,77.37623832999444
killme2008/xmemcached,101,724,145,918,https://github.com/killme2008/xmemcached.git,64ce827b97cfb2c84b765a61b1b77c3a48ad8909,master,98.8798651243846
jline/jline2,101,703,134,738,https://github.com/jline/jline2.git,12b98d94589e3bd6a60719c495b0ab911c571329,master,100.0
SoftInstigate/restheart,101,699,225,3580,https://github.com/SoftInstigate/restheart.git,6eae38956796eba574f075d407e763708f4a3f8b,master,94.34106466529148
eclipse/milo,101,685,321,1133,https://github.com/eclipse/milo.git,f86bfda23a561d98a539184f9f99837720e7ff10,master,99.92951806559974
castorini/anserini,101,679,295,1333,https://github.com/castorini/anserini.git,65645e1facccc830b6604326390f868ec59e82fe,master,76.92623370293651
consulo/consulo,101,643,1039,105992,https://github.com/consulo/consulo.git,6a12e2aa9eb151d8a33b27cc93ba53650717c6dc,master,99.21466281032174
logicalclocks/hopsworks,101,609,148,5754,https://github.com/logicalclocks/hopsworks.git,e11cd4be1369e0a8b36f88a2fda8561e4cb45521,master,61.75126635855527
Esri/geometry-api-java,101,609,441,254,https://github.com/Esri/geometry-api-java.git,a1af6612f4de7fc1baee1c331c335f154a4a96c9,master,100.0
dynjs/dynjs,101,608,874,2475,https://github.com/dynjs/dynjs.git,4bc6715eff8768f8cd92c6a167d621bbfc1e1a91,master,68.3041099555752
DSpace/DSpace,101,607,3371,14692,https://github.com/DSpace/DSpace.git,7fda074543abddb1408935d50cbb4d2c4d5aec0e,main,96.58546825766582
spring-projects/spring-data-commons,101,607,1843,2467,https://github.com/spring-projects/spring-data-commons.git,1040452c621d9e802eba1e7beb04ddf19e5c73cb,main,98.3616082121097
rackerlabs/blueflood,101,591,1129,2981,https://github.com/rackerlabs/blueflood.git,b952e85740f232a432c6b7b5a0ae491a5b24c39f,master,97.49386912103924
secure-software-engineering/FlowDroid,101,584,1043,882,https://github.com/secure-software-engineering/FlowDroid.git,3e531f8d560672e78b113ca825a686979c9d719d,master,100.0
beanshell/beanshell,101,580,313,819,https://github.com/beanshell/beanshell.git,0226f4f000c49772bf3e75f53066a5789675f7aa,master,99.07640689238345
openhab/openhab-core,101,579,2005,1516,https://github.com/openhab/openhab-core.git,917e268e68049eafdcb215ad4c1f11ae5c3fad7e,main,98.4253190152077
awslabs/amazon-kinesis-client,101,574,566,388,https://github.com/awslabs/amazon-kinesis-client.git,9f6d27900c2fa3a4f3b5fe5e1fbe2413be8e129a,master,100.0
apache/ranger,101,554,1435,3709,https://github.com/apache/ranger.git,57c6c2407d8150e60180d5b41612897aa1704bac,master,68.5545489108964
digitalfondue/lavagna,101,551,486,1749,https://github.com/digitalfondue/lavagna.git,dc3a01a5df4efd3ded52c9bfb130bc387a5b4ec8,master,56.16555658622284
jqno/equalsverifier,101,550,955,2230,https://github.com/jqno/equalsverifier.git,367cc6bf8d17cafefb6c3e68bf6ecd5da0c9e1e0,main,100.0
wmixvideo/nfe,101,541,3586,2155,https://github.com/wmixvideo/nfe.git,c56d1a3d24720c8ad37872bbd71c03695b0c9b07,master,100.0
PhoenicisOrg/phoenicis,101,532,148,2726,https://github.com/PhoenicisOrg/phoenicis.git,c16f085c635c4c01f0346713bad09939abf5a397,master,93.56406798303044
ofdrw/ofdrw,101,524,305,808,https://github.com/ofdrw/ofdrw.git,dabfcb13a970135a3e8fd6372fbbe844af6bc2f8,master,87.45941049949883
ThreeTen/threetenbp,101,510,2601,3211,https://github.com/ThreeTen/threetenbp.git,82fea106b280c0b2c6d579124c7a1d67b4ab9302,master,99.43095460340302
wso2/product-is,101,495,1485,8177,https://github.com/wso2/product-is.git,97b6aab2154dc9902ac5a9530754de653b340f0e,master,67.02524506425472
protegeproject/webprotege,101,494,4363,5460,https://github.com/protegeproject/webprotege.git,3b2f18d94eb177b4985ea257f45ad325310adbc4,master,83.03691001567833
redpen-cc/redpen,101,489,775,2220,https://github.com/redpen-cc/redpen.git,875029898b36d9dd4a053a0f925cf7c1a726c6af,master,93.8030218779147
nuxeo/nuxeo,101,469,6906,50889,https://github.com/nuxeo/nuxeo.git,05753c13d97d599b87acf8710ca523dbd89738f4,master,80.67556478945919
eclipse/steady,101,455,622,1907,https://github.com/eclipse/steady.git,2d88729630da696eea85e352ed62496d3a60710d,master,92.18360604316248
arx-deidentifier/arx,101,437,133,4195,https://github.com/arx-deidentifier/arx.git,204214fb1a4c56da0fcc85866b69d8bf60452ccd,master,99.62232081057545
apache/incubator-inlong,101,431,281,711,https://github.com/apache/incubator-inlong.git,6353d9175944765ff71ca437cd18303ec4609508,master,75.29691709316974
apache/commons-math,101,424,3079,6934,https://github.com/apache/commons-math.git,142dcaa92109648d69b06694d80b377ab7fd8424,master,99.2930609557104
Multibit-Legacy/multibit,101,418,138,1688,https://github.com/Multibit-Legacy/multibit.git,21e2e9d653d291a7dc36d21b6fc14b2a0da48985,master,100.0
Adobe-Consulting-Services/acs-aem-commons,101,407,1696,4291,https://github.com/Adobe-Consulting-Services/acs-aem-commons.git,dcd311ec51f1d4d742e39e235eee674c9b45cc59,master,92.2380802011596
arnaudroger/SimpleFlatMapper,101,395,1588,3379,https://github.com/arnaudroger/SimpleFlatMapper.git,fbc08180307ae9ad1a5343bafc5575bd9ad66c38,master,99.49751848120825
tordanik/OSM2World,101,371,201,1196,https://github.com/tordanik/OSM2World.git,d69ce3275c531d3c6ac565207016b377b89d7d9f,master,99.20824890440484
smallrye/smallrye-mutiny,101,367,2897,1709,https://github.com/smallrye/smallrye-mutiny.git,68e6ab20f0a6b0d2aeaddea59729b829473fe6f1,main,99.1437757501388
ICIJ/datashare,101,365,465,2348,https://github.com/ICIJ/datashare.git,2b45285d15c37bfa55dae8b56db27a328c18167f,master,98.60606835658406
nuls-io/nuls,101,362,134,6614,https://github.com/nuls-io/nuls.git,6748a8d53a6f6ed3258a87c8baa2cdb24dba2a7d,master,99.74650133998423
latexdraw/latexdraw,101,361,2428,2494,https://github.com/latexdraw/latexdraw.git,ce5ef5c681cf264d386263b8c6d8569d10318aed,master,99.23282629201604
forcedotcom/dataloader,101,352,190,740,https://github.com/forcedotcom/dataloader.git,f579f5b64e6015441067d95217aaabb0b11f3b4d,master,97.78962830125236
NGDATA/hbase-indexer,101,352,272,623,https://github.com/NGDATA/hbase-indexer.git,223d8da6d9aa8d61a1c45f26e8d5014b012e2d06,master,98.05891556333172
apache/helix,101,349,1465,4112,https://github.com/apache/helix.git,9c5e9fc9aafed8c65d8d93de4b25ed76d42201ea,master,94.55797408833284
AuthMe/AuthMeReloaded,101,348,989,4006,https://github.com/AuthMe/AuthMeReloaded.git,4f0bee4d5f2958563163d4c172cca2374fe4da5b,master,99.848284601562
caelum/vraptor4,101,344,857,3761,https://github.com/caelum/vraptor4.git,593ce9ad60f9d38c360881b2132417c56b8cc093,master,78.27224628911205
caelum/mamute,101,342,349,3661,https://github.com/caelum/mamute.git,bc0a94d188557c0ff65dd0ecf5b74a6dbf76056b,master,55.003413223365726
NemProject/nem.core,101,341,1831,687,https://github.com/NemProject/nem.core.git,1d05eb07057d86e2bb1f58e74a2e7f582a790c0e,main,99.964398911217
sepinf-inc/IPED,101,337,250,4811,https://github.com/sepinf-inc/IPED.git,afc11a729914e910add25287f6ba312b5ebf8fba,master,92.57586038660618
apache/maven-surefire,101,330,2109,3005,https://github.com/apache/maven-surefire.git,970103a9a8738cadaa282f62ef67644c0169e680,master,99.8708326467815
ThreeTen/threeten-extra,101,321,1670,627,https://github.com/ThreeTen/threeten-extra.git,e86f407ce31a407af1e280888bf3e16fb85c13a5,master,99.9405620683532
RIPE-NCC/whois,101,318,3953,4558,https://github.com/RIPE-NCC/whois.git,059f74b04155e811cb8d390f8c17b034b8839762,master,55.889804719676974
PeteGoo/tcSlackBuildNotifier,101,318,101,315,https://github.com/PeteGoo/tcSlackBuildNotifier.git,963fe3c58a6dca590fd71c27bea4ac5d4e9c4370,master,98.51897754343682
SonarSource/sonar-php,101,311,1231,2316,https://github.com/SonarSource/sonar-php.git,211e9daeff55044262ec1aa3f87999844e7048c2,master,73.82737406916276
chubaostream/joyqueue,101,306,250,2277,https://github.com/chubaostream/joyqueue.git,a88914c55f27728ae7234fc457488ca2e2ad4ee0,master,84.0967786582239
megaease/easeagent,101,301,123,289,https://github.com/megaease/easeagent.git,a805dd61443f3f24fd9763e4ffeb1b402674b82c,master,99.71211882207407
agoncal/agoncal-book-javaee7,101,282,349,500,https://github.com/agoncal/agoncal-book-javaee7.git,216cc7024a48b6efc649e8feef8eaca90a0d4be5,master,94.83539854520006
apache/incubator-streampipes,101,273,222,6397,https://github.com/apache/incubator-streampipes.git,3618e0ad66f8d9ac18ffdd53a0a993675694f3c1,master,54.120817689878734
yegor256/qulice,101,266,130,1743,https://github.com/yegor256/qulice.git,e928a4079173d38ede02806177ec032d34b53dba,master,94.47460109703552
abertschi/graalphp,101,258,112,561,https://github.com/abertschi/graalphp.git,29e22de14d919ccd5647603b54ccd9eb25725d50,master,59.61015043217197
kframework/k,101,252,300,16544,https://github.com/kframework/k.git,369f5f65f4acc5ca0fcf1538e4abc9fdd249c1d6,master,81.75060572362035
getrebuild/rebuild,101,228,186,2979,https://github.com/getrebuild/rebuild.git,df446222ca6fc7f64f4848b53dc1e4593b6d9bc9,master,87.95163951330171
BowlerHatLLC/vscode-as3mxml,101,221,285,1628,https://github.com/BowlerHatLLC/vscode-as3mxml.git,2d1c9a798ec98ef529429337b109b19023f9cefc,master,50.964582936830624
argparse4j/argparse4j,101,218,156,479,https://github.com/argparse4j/argparse4j.git,6c0f8590f7408025daa5f3b234e914cf805808a6,master,96.92742440335094
decorators-squad/eo-yaml,101,212,404,845,https://github.com/decorators-squad/eo-yaml.git,1fd41c48ba44a3cb39b25fd1d2fccfc4a2e7eabb,master,99.73269928290716
vlingo/xoom-actors,101,210,180,1099,https://github.com/vlingo/xoom-actors.git,19cbb2ff3f204744e57361ad6430376edc1174e3,master,99.77118491957904
AgNO3/jcifs-ng,101,199,180,412,https://github.com/AgNO3/jcifs-ng.git,6686cd9daea2326aa28c4f8b02e5fe010742852a,master,99.93595222883846
jenkinsci/gerrit-trigger-plugin,101,197,405,1755,https://github.com/jenkinsci/gerrit-trigger-plugin.git,af21088795b15c75373fbdd3d795abf6c84c209e,master,93.80646594691734
zolyfarkas/spf4j,101,195,517,32649,https://github.com/zolyfarkas/spf4j.git,17f61fa99babfad3ac57d0459291586139575ed4,master,99.99760439496404
veraPDF/veraPDF-library,101,193,161,2877,https://github.com/veraPDF/veraPDF-library.git,c5b77248ecae6a758dcedcdbd070d4fc70726095,master,87.15964416588695
labsai/EDDI,101,181,145,1211,https://github.com/labsai/EDDI.git,b5c265d1517d3c722340a760365b6aa1d9c43bf3,master,64.52411808564865
SonarSource/sonar-python,101,181,1033,1664,https://github.com/SonarSource/sonar-python.git,57a663df4f33e207d2976565206d61aac2395e7f,master,78.18165572992683
sarahtattersall/PIPE,101,178,211,653,https://github.com/sarahtattersall/PIPE.git,c44b32c02d294d0256c45ea2a428b0c161099cb3,master,99.94115412492106
jbosstm/narayana,101,177,3664,2863,https://github.com/jbosstm/narayana.git,e32d318e2cac31070563000fb4ebc6672ea1f9cd,master,99.12086675689524
ctt-gob-es/clienteafirma,101,177,468,6398,https://github.com/ctt-gob-es/clienteafirma.git,1222bbef9f64c68c9980ec266fc75c8635dd0eea,master,65.77775379862388
acgist/snail,101,175,269,2474,https://github.com/acgist/snail.git,9c2b5f29ff5e0170fdd6056e9c33f5124ea6604d,master,99.28046639798168
opentelecoms-org/jsmpp,101,173,182,789,https://github.com/opentelecoms-org/jsmpp.git,7c193627e494b82ebfc462e88a978d23a66c9a2a,master,99.71695014121502
apache/incubator-hop,101,168,2686,3171,https://github.com/apache/incubator-hop.git,0d93d5b33737433b5a26278835919620a96c656c,master,99.2553682886389
HPI-Information-Systems/Metanome,101,157,611,2678,https://github.com/HPI-Information-Systems/Metanome.git,eab0a20e925e488a61c43f6a17570a7ad80cb053,master,95.21864028762536
serso/android-messengerpp,101,156,127,873,https://github.com/serso/android-messengerpp.git,29a71dafe1d069fe3a9ab2d0c8a6ed26a3bc6d6c,master,98.98933219165067
fcrepo/fcrepo,101,153,1349,3439,https://github.com/fcrepo/fcrepo.git,88d45d25f82f51a1d8b9cd6e563ef4988cc956ea,main,99.12393919838088
sanger-pathogens/Artemis,101,153,5827,5428,https://github.com/sanger-pathogens/Artemis.git,525602428a367849a8abe993d0dcac2d3fb7ed94,master,99.72964809774037
vaadin/spring,101,152,109,449,https://github.com/vaadin/spring.git,fe8fde45df9b8bfcd9a5c83028333e691b1e157b,master,93.6972705479241
wildfly/wildfly-core,101,149,4686,16472,https://github.com/wildfly/wildfly-core.git,3e289e06645dd9fb653ec80733f7d6b42231555d,main,99.11922776222292
st-js/st-js,101,148,760,935,https://github.com/st-js/st-js.git,a97a611b39709477b8f6ddb3a05fa64b1976db17,master,65.5301168771213
jcabi/jcabi-http,101,146,118,659,https://github.com/jcabi/jcabi-http.git,ab9b4e2a5275a28ba021a1f331b8bfae26579976,master,100.0
CobbleSword/NachoSpigot,101,146,335,685,https://github.com/CobbleSword/NachoSpigot.git,00a3d3bb568d26b7938cf6e00cc82f473fe196e8,master,99.97880614796134
LearnLib/learnlib,101,145,129,1047,https://github.com/LearnLib/learnlib.git,9e1a34b64a0a3bc259fcff02f8922e738ef76f9c,master,99.83253123377678
r2dbc/r2dbc-h2,101,145,240,207,https://github.com/r2dbc/r2dbc-h2.git,a9b8f5d3e49e63fa09b0b3b41c55785e3d1e279f,main,99.7501099967283
xnnyygn/xraft,101,144,231,180,https://github.com/xnnyygn/xraft.git,841d716f1da324c58756f307cd69af64646f2bd8,master,99.8289487719026
r2dbc/r2dbc-mssql,101,143,479,326,https://github.com/r2dbc/r2dbc-mssql.git,2757a8216f50fa3076d64cc7db32caaab178a643,main,99.94220986388072
revapi/revapi,101,142,338,2410,https://github.com/revapi/revapi.git,4c18c509ebd3fb229cf13113df95dafd5fd80ac8,main,97.17440477967584
SpigotMC/Spigot-API,101,141,280,1540,https://github.com/SpigotMC/Spigot-API.git,b3e065a2b11a6dd2590606600ae58ba08e8763f8,master,100.0
apache/deltaspike,101,136,915,2462,https://github.com/apache/deltaspike.git,851d8e241508b18001b819f2489c129857ebd3e1,main,97.32762426906484
mnemonic-no/act-platform,101,135,1616,610,https://github.com/mnemonic-no/act-platform.git,e7980e47c0846c58a6bc554f6317ade5741cefe8,master,99.43557799335032
wildfly-swarm-archive/ARCHIVE-wildfly-swarm,101,133,146,936,https://github.com/wildfly-swarm-archive/ARCHIVE-wildfly-swarm.git,28ef71bcfa743a7267666e0ed2919c37b356c09b,master,97.63042875014636
BatooOrg/BatooJPA,101,133,312,815,https://github.com/BatooOrg/BatooJPA.git,3d3f1c8c800fbbe2fe52cd04301376a29f087eac,master,99.60292026021726
baremaps/baremaps,101,131,116,1215,https://github.com/baremaps/baremaps.git,020340b9fba0f4162c708e6e48367b1b2d0e7b9b,main,99.207882845889
ontodev/robot,101,131,143,1850,https://github.com/ontodev/robot.git,7716a48dbc8654391e98126901bd7623671d3132,master,99.26766416909636
twitter/hraven,101,127,133,338,https://github.com/twitter/hraven.git,e35996b6e2f016bcd18db0bad320be7c93d95208,master,93.89283883770749
ops4j/org.ops4j.pax.web,101,127,603,3405,https://github.com/ops4j/org.ops4j.pax.web.git,aecbb995ac8d1a89c61aec5520c88bcb17a9aad6,main,99.92101195996936
openpreserve/jhove,101,122,153,1505,https://github.com/openpreserve/jhove.git,bd9b37f0dd10ff2a5f07c1be6cbf345931365447,master,93.95004243672476
wikimedia/wikidata-query-rdf,101,119,527,1425,https://github.com/wikimedia/wikidata-query-rdf.git,5954cbdbd74f1ff319bc919ce22baa743406537a,master,82.73690627991041
bernardosulzbach/dungeon,101,119,193,1133,https://github.com/bernardosulzbach/dungeon.git,3d372534e93defd0b71df3646e439fd18f99a24e,master,99.04416464960605
apache/olingo-odata4,101,117,2853,1895,https://github.com/apache/olingo-odata4.git,bc6a299a1f940165ca5633a9a805a9b176f2bab2,master,99.89813573606402
SonarSource/sonarlint-core,101,115,847,1103,https://github.com/SonarSource/sonarlint-core.git,0c83870dface0efdc87af6808d4e63fa8a1ca10a,master,62.09015533413363
codice/ddf,101,114,5678,11042,https://github.com/codice/ddf.git,a396daa8f1c26d4fd5a3784fbeddfef131e7f447,master,86.8133179042462
eclipse-ee4j/grizzly,101,113,590,149,https://github.com/eclipse-ee4j/grizzly.git,8bf950d8ccefc050e82bcc5019d6ab963117c356,master,99.9803783269271
EngineHub/CommandHelper,101,111,843,4375,https://github.com/EngineHub/CommandHelper.git,eeeb42d58675dd5cab57a2dc40315978643aaa10,master,90.55746924607074
FraunhoferIOSB/FROST-Server,101,111,415,1160,https://github.com/FraunhoferIOSB/FROST-Server.git,f701eff7dcd916dadc3624e6c944405321452a4e,master,99.02586377331151
wso2/carbon-apimgt,101,109,1335,34231,https://github.com/wso2/carbon-apimgt.git,526828e8f6733fd5afb1ee8d11895f8caefa78d1,master,86.11982463340249
tushartushar/DesigniteJava,101,109,153,288,https://github.com/tushartushar/DesigniteJava.git,9962de71566d7150dcf84caa0d5a01bc8621183a,master,100.0
snowflakedb/snowflake-jdbc,101,105,619,1152,https://github.com/snowflakedb/snowflake-jdbc.git,1a216bc3865fc0e3cc5b8d985d73b64eea589a48,master,98.71513570143708
ecsec/open-ecard,101,105,418,2172,https://github.com/ecsec/open-ecard.git,e605b097231f8c8d08c95aedd845f6f6d2f9eef0,master,96.99379176056216
apache/roller,101,102,130,4684,https://github.com/apache/roller.git,2340d7b58585006c41088080bd1537401519f1fb,master,96.6756820480715
